"1","Emily","2005","1","Female"
"2","Emma","2005","2","Female"
"3","Madison","2005","3","Female"
"4","Abigail","2005","4","Female"
"5","Olivia","2005","5","Female"
"6","Jacob","2005","1","Male"
"7","Michael","2005","2","Male"
"8","Joshua","2005","3","Male"
"9","Matthew","2005","4","Male"
"10","Ethan","2005","5","Male"
"11","Emily","2006","1","Female"
"12","Emma","2006","2","Female"
"13","Madison","2006","3","Female"
"14","Isabella","2006","4","Female"
"15","Ava","2006","5","Female"
"16","Jacob","2006","1","Male"
"17","Michael","2006","2","Male"
"18","Joshua","2006","3","Male"
"19","Ethan","2006","4","Male"
"20","Matthew","2006","5","Male"
"21","Emily","2007","1","Female"
"22","Isabella","2007","2","Female"
"23","Emma","2007","3","Female"
"24","Ava","2007","4","Female"
"25","Madison","2007","5","Female"
"26","Jacob","2007","1","Male"
"27","Michael","2007","2","Male"
"28","Ethan","2007","3","Male"
"29","Joshua","2007","4","Male"
"30","Daniel","2007","5","Male"
"31","Emma","2008","1","Female"
"32","Isabella","2008","2","Female"
"33","Emily","2008","3","Female"
"34","Olivia","2008","4","Female"
"35","Ava","2008","5","Female"
"36","Jacob","2008","1","Male"
"37","Michael","2008","2","Male"
"38","Ethan","2008","3","Male"
"39","Joshua","2008","4","Male"
"40","Daniel","2008","5","Male"
"41","Isabella","2009","1","Female"
"42","Emma","2009","2","Female"
"43","Olivia","2009","3","Female"
"44","Sophia","2009","4","Female"
"45","Ava","2009","5","Female"
"46","Jacob","2009","1","Male"
"47","Ethan","2009","2","Male"
"48","Michael","2009","3","Male"
"49","Alexander","2009","4","Male"
"50","William","2009","5","Male"
"51","Isabella","2010","1","Female"
"52","Sophia","2010","2","Female"
"53","Emma","2010","3","Female"
"54","Olivia","2010","4","Female"
"55","Ava","2010","5","Female"
"56","Jacob","2010","1","Male"
"57","Ethan","2010","2","Male"
"58","Michael","2010","3","Male"
"59","Jayden","2010","4","Male"
"60","William","2010","5","Male"
"61","Sophia","2011","1","Female"
"62","Isabella","2011","2","Female"
"63","Emma","2011","3","Female"
"64","Olivia","2011","4","Female"
"65","Ava","2011","5","Female"
"66","Jacob","2011","1","Male"
"67","Mason","2011","2","Male"
"68","William","2011","3","Male"
"69","Jayden","2011","4","Male"
"70","Noah","2011","5","Male"
"71","Sophia","2012","1","Female"
"72","Emma","2012","2","Female"
"73","Isabella","2012","3","Female"
"74","Olivia","2012","4","Female"
"75","Ava","2012","5","Female"
"76","Jacob","2012","1","Male"
"77","Mason","2012","2","Male"
"78","Ethan","2012","3","Male"
"79","Noah","2012","4","Male"
"80","William","2012","5","Male"
"81","Sophia","2013","1","Female"
"82","Emma","2013","2","Female"
"83","Olivia","2013","3","Female"
"84","Isabella","2013","4","Female"
"85","Ava","2013","5","Female"
"86","Noah","2013","1","Male"
"87","Liam","2013","2","Male"
"88","Jacob","2013","3","Male"
"89","Mason","2013","4","Male"
"90","William","2013","5","Male"
